category,category_title,page,page_title,date,link_text,file
/category/a-v-2042-063/,,https://customs.gov.np/content/450/foreign-trade-statistics-came-208-83/,,"७ साउन, २०८३",असारसम्म,https://giwmscdnone.gov.np/media/files/FTS_Upto_Ashadh_82_83_gdfkmo9.xlsx
/category/a-v-2042-063/,,https://customs.gov.np/content/450/foreign-trade-statistics-came-208-83/,,"७ साउन, २०८३",जेठसम्म,https://giwmscdnone.gov.np/media/files/FTS_Upto_Jestha_82_83_ctvmaxh.xlsx
/category/a-v-2042-063/,,https://customs.gov.np/content/450/foreign-trade-statistics-came-208-83/,,"७ साउन, २०८३",वैशाखसम्म,https://giwmscdnone.gov.np/media/files/FTS%20Upto%20Baishakh%20208283_io1stl4.xlsx
/category/a-v-2042-063/,,https://customs.gov.np/content/450/foreign-trade-statistics-came-208-83/,,"७ साउन, २०८३",चैत्रसम्म,https://giwmscdnone.gov.np/media/files/FTS_uptochaitra_208283_mvac70g.xlsx
/category/a-v-2042-063/,,https://customs.gov.np/content/450/foreign-trade-statistics-came-208-83/,,"७ साउन, २०८३",फागुनसम्म,https://giwmscdnone.gov.np/media/files/%E0%A4%AB%E0%A4%BE%E0%A4%97%E0%A5%81%E0%A4%A8%E0%A4%B8%E0%A4%AE%E0%A5%8D%E0%A4%AE_nwsjsgt.xlsx
/category/a-v-2042-063/,,https://customs.gov.np/content/450/foreign-trade-statistics-came-208-83/,,"७ साउन, २०८३",माघसम्म,https://giwmscdnone.gov.np/media/files/FTS_uptoMagh_cb7msdt.xlsx
/category/a-v-2042-063/,,https://customs.gov.np/content/450/foreign-trade-statistics-came-208-83/,,"७ साउन, २०८३",पुससम्म,https://giwmscdnone.gov.np/media/files/FTS_uptoPush_208283_hh1l5q3.xlsx
/category/a-v-2042-063/,,https://customs.gov.np/content/450/foreign-trade-statistics-came-208-83/,,"७ साउन, २०८३",मंसिरसम्म,https://giwmscdnone.gov.np/media/files/FTS_uptoMangsir_208283_b0hdenp.xlsx
/category/a-v-2042-063/,,https://customs.gov.np/content/450/foreign-trade-statistics-came-208-83/,,"७ साउन, २०८३",कार्तिकसम्म,https://giwmscdnone.gov.np/media/files/FTS_uptoKartik_2082_83_fqj8971.xlsx
/category/a-v-2042-063/,,https://customs.gov.np/content/450/foreign-trade-statistics-came-208-83/,,"७ साउन, २०८३",असोजसम्म,https://giwmscdnone.gov.np/media/files/FTS_uptoAsoj_208283_1vbfk1w.xlsx
/category/a-v-2042-063/,,https://customs.gov.np/content/450/foreign-trade-statistics-came-208-83/,,"७ साउन, २०८३",भाद्रसम्म,https://giwmscdnone.gov.np/media/files/%E0%A4%AD%E0%A4%BE%E0%A4%A6%E0%A5%8D%E0%A4%B0%E0%A4%B8%E0%A4%AE%E0%A5%8D%E0%A4%AE%E0%A4%95%E0%A5%8B_1rpwdsm.xlsx
/category/a-v-2042-063/,,https://customs.gov.np/content/450/foreign-trade-statistics-came-208-83/,,"७ साउन, २०८३",श्रावण,https://giwmscdnone.gov.np/media/files/%E0%A4%B6%E0%A5%8D%E0%A4%B0%E0%A4%BE%E0%A4%B5%E0%A4%A3_xpiw2eq.xlsx
/category/a-v-2082-043/,,https://customs.gov.np/content/449/curssions-of-trade-revenue-2082-083/,,"८ साउन, २०८३",असारसम्म,https://giwmscdnone.gov.np/media/files/%E0%A4%B0%E0%A4%BE%E0%A4%9C%E0%A4%B8%E0%A5%8D%E0%A4%B5%20%E0%A4%B8%E0%A4%82%E0%A4%95%E0%A4%B2%E0%A4%A8%E0%A4%95%E0%A5%8B%20%E0%A4%AE%E0%A4%BE%E0%A4%B8%E0%A4%BF%E0%A4%95%20%E0%A4%A4%E0%A5%81%E0%A4%B2%E0%A4%A8%E0%A4%BE%E0%A4%A4%E0%A5%8D%E0%A4%AE%E0%A4%95%20%E0%A4%AA%E0%A5%8D%E0%A4%B0%E0%A4%97%E0%A4%A4%E0%A4%BF%20%E0%A5%A8%E0%A5%A6%E0%A5%AE%E0%A5%A9%20%E0%A4%86%E0%A4%B7%E0%A4%BE%E0%A4%A2%E0%A4%B8%E0%A4%AE%E0%A5%8D%E0%A4%AE_n35vupf.xlsx
/category/customs-reform-and-modernization-plan/,,https://customs.gov.np/content/185/customs-reform-and-modernization-action-plan--2078-2083/,,"१२ भदौ, २०८२","भन्सार सुधार तथा आधुनिकीकरण योजना, २०७८-२०८३",https://giwmscdnone.gov.np/media/files/Compressed-CRM%20Plan%202021-26_z4e4ssr.pdf
/category/customs-tariff-rates/,,https://customs.gov.np/content/50/customs-tarrif/,,"२६ भदौ, २०८३",Customs Tarrif 2026-27,https://giwmscdnone.gov.np/media/files/Customs%20Tariff%202026.27%20Final%205_26_olewrcw.pdf
/category/customs-tariff-rates/,,https://customs.gov.np/content/50/customs-tarrif/,,"२६ भदौ, २०८३",भन्सार महसुल दरबन्दी २०८०-८१,https://giwmscdntwo.gov.np/media/files/%E0%A4%AD%E0%A4%A8%E0%A5%8D%E0%A4%B8%E0%A4%BE%E0%A4%B0%20%E0%A4%AE%E0%A4%B9%E0%A4%B8%E0%A5%81%E0%A4%B2%20%E0%A4%A6%E0%A4%B0%E0%A4%AC%E0%A4%A8%E0%A5%8D%E0%A4%A6%E0%A5%80%20%E0%A5%A8%E0%A5%A6%E0%A5%AE%E0%A5%A6.%E0%A5%AE%E0%A5%A7_ou9yyth.pdf
/category/customs-tariff-rates/,,https://customs.gov.np/content/50/customs-tarrif/,,"२६ भदौ, २०८३",भन्सार महसुल दरबन्दी २०७९-८०,https://giwmscdntwo.gov.np/media/files/%E0%A4%AD%E0%A4%A8%E0%A5%8D%E0%A4%B8%E0%A4%BE%E0%A4%B0%20%E0%A4%AE%E0%A4%B9%E0%A4%B8%E0%A5%81%E0%A4%B2%20%E0%A4%A6%E0%A4%B0%E0%A4%AC%E0%A4%A8%E0%A5%8D%E0%A4%A6%E0%A5%80%20%E0%A5%A8%E0%A5%A6%E0%A5%AD%E0%A5%AF-%E0%A5%AE%E0%A5%A6_ddi3hlk.pdf
/category/customs-tariff-rates/,,https://customs.gov.np/content/50/customs-tarrif/,,"२६ भदौ, २०८३",भन्सार महसुल दरबन्दी २०७८-७९,https://giwmscdntwo.gov.np/media/files/%E0%A4%AD%E0%A4%A8%E0%A5%8D%E0%A4%B8%E0%A4%BE%E0%A4%B0%20%E0%A4%AE%E0%A4%B9%E0%A4%B8%E0%A5%81%E0%A4%B2%20%E0%A4%A6%E0%A4%B0%E0%A4%AC%E0%A4%A8%E0%A5%8D%E0%A4%A6%E0%A5%80%20%E0%A5%A8%E0%A5%A6%E0%A5%AD%E0%A5%AE-%E0%A5%AD%E0%A5%AF_kbvix60.pdf
/category/customs-tariff-rates/,,https://customs.gov.np/content/50/customs-tarrif/,,"२६ भदौ, २०८३",भन्सार महसुल दरबन्दी २०७७-०७८,https://giwmscdntwo.gov.np/media/files/%E0%A4%AD%E0%A4%A8%E0%A5%8D%E0%A4%B8%E0%A4%BE%E0%A4%B0%20%E0%A4%AE%E0%A4%B9%E0%A4%B8%E0%A5%81%E0%A4%B2%20%E0%A4%A6%E0%A4%B0%E0%A4%AC%E0%A4%A8%E0%A5%8D%E0%A4%A6%E0%A5%80%20%E0%A5%A8%E0%A5%A6%E0%A5%AD%E0%A5%AD-%E0%A5%A6%E0%A5%AD%E0%A5%AE_exqijvx.pdf
/category/customs-tariff-rates/,,https://customs.gov.np/content/50/customs-tarrif/,,"२६ भदौ, २०८३",भन्सार महसुल दरबन्दी २०७६-०७७,https://giwmscdntwo.gov.np/media/files/%E0%A4%AD%E0%A4%A8%E0%A5%8D%E0%A4%B8%E0%A4%BE%E0%A4%B0%20%E0%A4%AE%E0%A4%B9%E0%A4%B8%E0%A5%81%E0%A4%B2%20%E0%A4%A6%E0%A4%B0%E0%A4%AC%E0%A4%A8%E0%A5%8D%E0%A4%A6%E0%A5%80%20%E0%A5%A8%E0%A5%A6%E0%A5%AD%E0%A5%AC-%E0%A5%A6%E0%A5%AD%E0%A5%AD_jus2bdh.pdf
/category/customs-tariff-rates/,,https://customs.gov.np/content/50/customs-tarrif/,,"२६ भदौ, २०८३",भन्सार महसुल दरबन्दी २०७५-०७६,https://giwmscdntwo.gov.np/media/files/%E0%A4%AD%E0%A4%A8%E0%A5%8D%E0%A4%B8%E0%A4%BE%E0%A4%B0%20%E0%A4%AE%E0%A4%B9%E0%A4%B8%E0%A5%81%E0%A4%B2%20%E0%A4%A6%E0%A4%B0%E0%A4%AC%E0%A4%A8%E0%A5%8D%E0%A4%A6%E0%A5%80%20%E0%A5%A8%E0%A5%A6%E0%A5%AD%E0%A5%AB-%E0%A5%A6%E0%A5%AD%E0%A5%AC_6w5zsi2.pdf
/category/customs-tariff-rates/,,https://customs.gov.np/content/50/customs-tarrif/,,"२६ भदौ, २०८३",भन्सार महसुल दरबन्दी २०७४-०७५,https://giwmscdntwo.gov.np/media/files/%E0%A4%AD%E0%A4%A8%E0%A5%8D%E0%A4%B8%E0%A4%BE%E0%A4%B0%20%E0%A4%AE%E0%A4%B9%E0%A4%B8%E0%A5%81%E0%A4%B2%20%E0%A4%A6%E0%A4%B0%E0%A4%AC%E0%A4%A8%E0%A5%8D%E0%A4%A6%E0%A5%80%20%E0%A5%A8%E0%A5%A6%E0%A5%AD%E0%A5%AA-%E0%A5%A6%E0%A5%AD%E0%A5%AB_pdskisv.pdf
/category/customs-tariff-rates/,,https://customs.gov.np/content/50/customs-tarrif/,,"२६ भदौ, २०८३",भन्सार महसुल दरबन्दी २०७२-०७३,https://giwmscdntwo.gov.np/media/files/%E0%A4%AD%E0%A4%A8%E0%A5%8D%E0%A4%B8%E0%A4%BE%E0%A4%B0%20%E0%A4%AE%E0%A4%B9%E0%A4%B8%E0%A5%81%E0%A4%B2%20%E0%A4%A6%E0%A4%B0%E0%A4%AC%E0%A4%A8%E0%A5%8D%E0%A4%A6%E0%A5%80%20%E0%A5%A8%E0%A5%A6%E0%A5%AD%E0%A5%A8-%E0%A5%A6%E0%A5%AD%E0%A5%A9_hbdu2cj.pdf
/category/customs-tariff-rates/,,https://customs.gov.np/content/50/customs-tarrif/,,"२६ भदौ, २०८३",भन्सार महसुल दरबन्दी २०७१-०७२,https://giwmscdntwo.gov.np/media/files/%E0%A4%AD%E0%A4%A8%E0%A5%8D%E0%A4%B8%E0%A4%BE%E0%A4%B0%20%E0%A4%AE%E0%A4%B9%E0%A4%B8%E0%A5%81%E0%A4%B2%20%E0%A4%A6%E0%A4%B0%E0%A4%B5%E0%A4%A8%E0%A5%8D%E0%A4%A6%E0%A5%80%2C%20%E0%A5%A8%E0%A5%A6%E0%A5%AD%E0%A5%A7%E0%A5%A4%E0%A5%AD%E0%A5%A8_lwlf91u.pdf
/category/customs-tariff-rates/,,https://customs.gov.np/content/50/customs-tarrif/,,"२६ भदौ, २०८३",भन्सार महसुल दरबन्दी २०७०-०७१,https://giwmscdntwo.gov.np/media/files/%E0%A4%AD%E0%A4%A8%E0%A5%8D%E0%A4%B8%E0%A4%BE%E0%A4%B0%20%E0%A4%AE%E0%A4%B9%E0%A4%B8%E0%A5%81%E0%A4%B2%20%E0%A4%A6%E0%A4%B0%E0%A4%AC%E0%A4%A8%E0%A5%8D%E0%A4%A6%E0%A5%80%20%E0%A5%A8%E0%A5%A6%E0%A5%AD%E0%A5%A6-%E0%A5%A6%E0%A5%AD%E0%A5%A7_ecbjmcx.pdf
/category/foreign-trade-statistics2083-084-,,https://customs.gov.np/content/1139/ftskkksss/,,"७ असोज, २०८३",भाद्रसम्म,https://giwmscdnone.gov.np/media/files/FTS_%20Upto_%20Bhadra%202083_84_uywxk93.xlsx
/category/foreign-trade-statistics2083-084-,,https://customs.gov.np/content/1139/ftskkksss/,,"७ असोज, २०८३",श्रावणसम्म,https://giwmscdnone.gov.np/media/files/FTS%202083_84%20Shrawan_gz3idu8.xlsx
/category/forms-used-in-customs/,,https://customs.gov.np/content/59/evaluation-review-request/,,"११ बैशाख, २०८२",मूल्यांकन पुनरावलोकन निवेदन,https://giwmscdntwo.gov.np/media/files/%E0%A4%AE%E0%A5%82%E0%A4%B2%E0%A5%8D%E0%A4%AF%E0%A4%BE%E0%A4%82%E0%A4%95%E0%A4%A8%20%E0%A4%AA%E0%A5%81%E0%A4%A8%E0%A4%B0%E0%A4%BE%E0%A4%B5%E0%A4%B2%E0%A5%8B%E0%A4%95%E0%A4%A8%20%E0%A4%A8%E0%A4%BF%E0%A4%B5%E0%A5%87%E0%A4%A6%E0%A4%A8_zsolpdh.pdf
/category/forms-used-in-customs/,,https://customs.gov.np/content/58/form-to-fill-in-social-work-that/,,"३ बैशाख, २०८२",भारतबाट विवाह लगायत सामाजिक कार्यमा आउने यात्रुले भर्ने फारम,https://giwmscdntwo.gov.np/media/files/%E0%A4%AD%E0%A4%BE%E0%A4%B0%E0%A4%A4%E0%A4%AC%E0%A4%BE%E0%A4%9F%20%E0%A4%B5%E0%A4%BF%E0%A4%B5%E0%A4%BE%E0%A4%B9%20%E0%A4%B2%E0%A4%97%E0%A4%BE%E0%A4%AF%E0%A4%A4%20%E0%A4%B8%E0%A4%BE%E0%A4%AE%E0%A4%BE%E0%A4%9C%E0%A4%BF%E0%A4%95%20%E0%A4%95%E0%A4%BE%E0%A4%B0%E0%A5%8D%E0%A4%AF%E0%A4%AE%E0%A4%BE%20%E0%A4%86%E0%A4%89%E0%A4%A8%E0%A5%87%20%E0%A4%AF%E0%A4%BE%E0%A4%A4%E0%A5%8D%E0%A4%B0%E0%A5%81%E0%A4%B2%E0%A5%87%20%E0%A4%AD%E0%A4%B0%E0%A5%8D%E0%A4%A8%E0%A5%87%20%E0%A4%AB%E0%A4%BE%E0%A4%B0%E0%A4%AE_eip8a2u.pdf
/category/fts-2064-065/,,https://customs.gov.np/content/150/a-v-208-080/,,"२५ बैशाख, २०८२",वैदेशिक व्यापारको तथ्यांक आ.ब. २०६४/६५,https://giwmscdntwo.gov.np/media/files/6465_2016-08-21-14-41-44%20(1)_3oevwbo.pdf
/category/fts-2065-066/,,https://customs.gov.np/content/149/a-v-2085-06/,,"२५ बैशाख, २०८२",वैदेशिक व्यापारको तथ्यांक आ.ब. २०६५/६६,https://giwmscdntwo.gov.np/media/files/6566_2016-08-21-14-43-12_lzrfpi7.pdf
/category/fts-2066-067/,,https://customs.gov.np/content/151/a-v-2066-067/,,"२५ बैशाख, २०८२",वैदेशिक व्यापारको तथ्यांक आ.ब. २०६६/६७,https://giwmscdntwo.gov.np/media/files/6667_2016-08-21-14-44-12_gagk4nx.pdf
/category/fts-2068-069/,,https://customs.gov.np/content/148/a-v-208-049/,,"२५ बैशाख, २०८२",वैदेशिक व्यापारको तथ्यांक आ.ब. २०६८/६९,https://giwmscdntwo.gov.np/media/files/6869_6_2016-08-21-14-44-58_pb7dv51.pdf
/category/fts-2069-070/,,https://customs.gov.np/content/147/a-v-2089-080/,,"२५ बैशाख, २०८२",वैदेशिक व्यापारको तथ्यांक आ.ब. २०६९/७०,https://giwmscdntwo.gov.np/media/files/6970_2016-08-21-14-45-34%20(1)_0yjasxr.pdf
/category/fts-2070-071/,,https://customs.gov.np/content/57/fts-2070-071/,,"२५ बैशाख, २०८२",वैदेशिक व्यापारको तथ्यांक आ.ब. २०७०­/७१,https://giwmscdntwo.gov.np/media/files/FTS%207071_3wyypsb.pdf
/category/fts-2071-072/,,https://customs.gov.np/content/47/a-v-2061-062/,,"२५ बैशाख, २०८२",वैदेशिक व्यापारको वार्षिक तथ्यांक २०७१/७२ Excel Format,https://giwmscdntwo.gov.np/media/files/71_72_bq3kgao.xlsx
/category/fts-2071-072/,,https://customs.gov.np/content/47/a-v-2061-062/,,"२५ बैशाख, २०८२",वैदेशिक व्यापारको वार्षिक तथ्यांक २०७१।७२ (भाग १),https://giwmscdntwo.gov.np/media/files/FTS%20FY%202071_72%20PART_1_ve5egrl.pdf
/category/fts-2071-072/,,https://customs.gov.np/content/47/a-v-2061-062/,,"२५ बैशाख, २०८२",वैदेशिक व्यापारको वार्षिक तथ्यांक २०७१/७२ (भाग २),https://giwmscdntwo.gov.np/media/files/FTS%20FY%202071_72%20PART_2_vejheio.pdf
/category/fts-2072-073/,,https://customs.gov.np/content/48/a-v-2072-063/,,"२५ बैशाख, २०८२",वैदेशिक व्यापारको वार्षिक तथ्यांक २०७२/७३ Excel Format,https://giwmscdntwo.gov.np/media/files/72_73_sy41aik.xlsx
/category/fts-2072-073/,,https://customs.gov.np/content/48/a-v-2072-063/,,"२५ बैशाख, २०८२",वैदेशिक व्यापारको वार्षिक तथ्यांक २०७२/७३,https://giwmscdntwo.gov.np/media/files/Final%20Draft_Foreign%20Trade%20Stat%202072-73_pdf_2017-09-18-08-34-30-compressed_orwzbvk.pdf
/category/fts-2072-073/,,https://customs.gov.np/content/48/a-v-2072-063/,,"२५ बैशाख, २०८२","२०७३, जेष्ठसम्म",https://giwmscdntwo.gov.np/media/files/02_gmmh6uy.xlsx
/category/fts-2072-073/,,https://customs.gov.np/content/48/a-v-2072-063/,,"२५ बैशाख, २०८२","२०७३, वैशाखसम्म",https://giwmscdntwo.gov.np/media/files/01_6jqgbyz.xlsx
/category/fts-2072-073/,,https://customs.gov.np/content/48/a-v-2072-063/,,"२५ बैशाख, २०८२","२०७२, चैत्रसम्म",https://giwmscdntwo.gov.np/media/files/12_cxdz6wm.xlsx
/category/fts-2072-073/,,https://customs.gov.np/content/48/a-v-2072-063/,,"२५ बैशाख, २०८२","२०७२, फागुनसम्म",https://giwmscdntwo.gov.np/media/files/11_a3sxm7j.xlsx
/category/fts-2072-073/,,https://customs.gov.np/content/48/a-v-2072-063/,,"२५ बैशाख, २०८२","२०७२, माघसम्म",https://giwmscdntwo.gov.np/media/files/10_c60hmlj.xlsx
/category/fts-2072-073/,,https://customs.gov.np/content/48/a-v-2072-063/,,"२५ बैशाख, २०८२","२०७२, पौषसम्म",https://giwmscdntwo.gov.np/media/files/09_ogg9wyo.xlsx
/category/fts-2072-073/,,https://customs.gov.np/content/48/a-v-2072-063/,,"२५ बैशाख, २०८२","२०७२, मार्गसम्म",https://giwmscdntwo.gov.np/media/files/08_7cngp2k.xlsx
/category/fts-2072-073/,,https://customs.gov.np/content/48/a-v-2072-063/,,"२५ बैशाख, २०८२","२०७२, कार्तिकसम्म",https://giwmscdntwo.gov.np/media/files/07_shmqrrl.xlsx
/category/fts-2072-073/,,https://customs.gov.np/content/48/a-v-2072-063/,,"२५ बैशाख, २०८२","२०७२, आश्विनसम्म",https://giwmscdntwo.gov.np/media/files/06_rwhfkdm.xlsx
/category/fts-2072-073/,,https://customs.gov.np/content/48/a-v-2072-063/,,"२५ बैशाख, २०८२","२०७२, भाद्रसम्म",https://giwmscdntwo.gov.np/media/files/05_8hfy9aa.xlsx
/category/fts-2072-073/,,https://customs.gov.np/content/48/a-v-2072-063/,,"२५ बैशाख, २०८२","२०७२, श्रावणसम्म",https://giwmscdntwo.gov.np/media/files/04_y9igwrz.xlsx
/category/fts-2073-074/,,https://customs.gov.np/content/49/a-v-2073-06/,,"२५ बैशाख, २०८२",वैदेशिक व्यापारको वार्षिक तथ्यांक २०७३/७४ Excel Format,https://giwmscdntwo.gov.np/media/files/73_74_l7vsvdk.xlsx
/category/fts-2073-074/,,https://customs.gov.np/content/49/a-v-2073-06/,,"२५ बैशाख, २०८२",वैदेशिक व्यापारको वार्षिक तथ्यांक २०७३/७४,https://giwmscdntwo.gov.np/media/files/Foreign%20Trade%20Stat%202073-74_pdf_2017-09-18-08-52-12_2017-09-20-21-02-46_bjsjm10.pdf
/category/fts-2073-074/,,https://customs.gov.np/content/49/a-v-2073-06/,,"२५ बैशाख, २०८२","२०७४, जेष्ठसम्म",https://giwmscdntwo.gov.np/media/files/02-74_b1nh7ot.xlsx
/category/fts-2073-074/,,https://customs.gov.np/content/49/a-v-2073-06/,,"२५ बैशाख, २०८२","२०७४, वैशाखसम्म",https://giwmscdntwo.gov.np/media/files/01-74_trbfapk.xlsx
/category/fts-2073-074/,,https://customs.gov.np/content/49/a-v-2073-06/,,"२५ बैशाख, २०८२","२०७३, चैत्रसम्म",https://giwmscdntwo.gov.np/media/files/12-73_ggozull.xlsx
/category/fts-2073-074/,,https://customs.gov.np/content/49/a-v-2073-06/,,"२५ बैशाख, २०८२","२०७३, फागुनसम्म",https://giwmscdntwo.gov.np/media/files/11-73_sxbwvdq.xlsx
/category/fts-2073-074/,,https://customs.gov.np/content/49/a-v-2073-06/,,"२५ बैशाख, २०८२","२०७३, माघसम्म",https://giwmscdntwo.gov.np/media/files/10-73_mljd0re.xlsx
/category/fts-2073-074/,,https://customs.gov.np/content/49/a-v-2073-06/,,"२५ बैशाख, २०८२","२०७३, पौषसम्म",https://giwmscdntwo.gov.np/media/files/09-73_01xtrdu.xlsx
/category/fts-2073-074/,,https://customs.gov.np/content/49/a-v-2073-06/,,"२५ बैशाख, २०८२","२०७३, मार्गसम्म",https://giwmscdntwo.gov.np/media/files/08-73_fxeargp.xlsx
/category/fts-2073-074/,,https://customs.gov.np/content/49/a-v-2073-06/,,"२५ बैशाख, २०८२","२०७३, कार्तिकसम्म",https://giwmscdntwo.gov.np/media/files/07-73_qoeca3s.xlsx
/category/fts-2073-074/,,https://customs.gov.np/content/49/a-v-2073-06/,,"२५ बैशाख, २०८२","२०७३, आश्विनसम्म",https://giwmscdntwo.gov.np/media/files/06-73_rieppdo.xlsx
/category/fts-2073-074/,,https://customs.gov.np/content/49/a-v-2073-06/,,"२५ बैशाख, २०८२","२०७३, भाद्रसम्म",https://giwmscdntwo.gov.np/media/files/05-73_kug6uyx.xlsx
/category/fts-2073-074/,,https://customs.gov.np/content/49/a-v-2073-06/,,"२५ बैशाख, २०८२","२०७३, श्रावणसम्म",https://giwmscdntwo.gov.np/media/files/04-73_pbwgraj.xlsx
/category/fts-2074-075,,https://customs.gov.np/content/51/a-v-204-085/,,"२५ बैशाख, २०८२",वैदेशिक व्यापारको तथ्यांक २०७४।७५ Excel Format,https://giwmscdntwo.gov.np/media/files/74_75_808nyzj.xlsx
/category/fts-2074-075,,https://customs.gov.np/content/51/a-v-204-085/,,"२५ बैशाख, २०८२",वैदेशिक व्यापारको तथ्यांक २०७४।७५,https://giwmscdntwo.gov.np/media/files/Foregin%20Trade%20Statistics%202074-75_2018-11-30-13-57-48-compressed_wd82smx.pdf
/category/fts-2074-075,,https://customs.gov.np/content/51/a-v-204-085/,,"२५ बैशाख, २०८२",२०७५ जेष्ठसम्म,https://giwmscdntwo.gov.np/media/files/02-75_p6qcq9l.xlsx
/category/fts-2074-075,,https://customs.gov.np/content/51/a-v-204-085/,,"२५ बैशाख, २०८२","२०७५, वैशाखसम्म",https://giwmscdntwo.gov.np/media/files/01-75_2d3rfiv.xlsx
/category/fts-2074-075,,https://customs.gov.np/content/51/a-v-204-085/,,"२५ बैशाख, २०८२","२०७४, चैत्रसम्म",https://giwmscdntwo.gov.np/media/files/12-74_lxbgice.xlsx
/category/fts-2074-075,,https://customs.gov.np/content/51/a-v-204-085/,,"२५ बैशाख, २०८२","२०७४, फागुनसम्म",https://giwmscdntwo.gov.np/media/files/11-74_nckhytr.xlsx
/category/fts-2074-075,,https://customs.gov.np/content/51/a-v-204-085/,,"२५ बैशाख, २०८२","२०७४, माघसम्म",https://giwmscdntwo.gov.np/media/files/10-74_zm6d6fz.xlsx
/category/fts-2074-075,,https://customs.gov.np/content/51/a-v-204-085/,,"२५ बैशाख, २०८२","२०७४, पौषसम्म",https://giwmscdntwo.gov.np/media/files/09-74_j4qu5yg.xlsx
/category/fts-2074-075,,https://customs.gov.np/content/51/a-v-204-085/,,"२५ बैशाख, २०८२","२०७४, मार्गसम्म",https://giwmscdntwo.gov.np/media/files/08-74_olwxrgj.xlsx
/category/fts-2074-075,,https://customs.gov.np/content/51/a-v-204-085/,,"२५ बैशाख, २०८२","२०७४, कार्तिकसम्म",https://giwmscdntwo.gov.np/media/files/07-74_mgaeppx.xlsx
/category/fts-2074-075,,https://customs.gov.np/content/51/a-v-204-085/,,"२५ बैशाख, २०८२","२०७४, आश्विनसम्म",https://giwmscdntwo.gov.np/media/files/06-74_fzpfqpy.xlsx
/category/fts-2074-075,,https://customs.gov.np/content/51/a-v-204-085/,,"२५ बैशाख, २०८२","२०७४, भाद्रसम्म",https://giwmscdntwo.gov.np/media/files/05-74_vtygc30.xlsx
/category/fts-2074-075,,https://customs.gov.np/content/51/a-v-204-085/,,"२५ बैशाख, २०८२","२०७४, श्रावण",https://giwmscdntwo.gov.np/media/files/04-74_mplverp.xlsx
/category/fts-2075-076/,,https://customs.gov.np/content/52/a-v-2075-06/,,"१० बैशाख, २०८२",आ.ब. २०७५/७६ को वार्षिक तथ्याङ्क,https://giwmscdntwo.gov.np/media/files/Annual%20Foreign%20Trade%20Statistics%2C%20207576%20(201820)_2019-08-29-22-17-57_cfwxrvg.xlsx
/category/fts-2075-076/,,https://customs.gov.np/content/52/a-v-2075-06/,,"१० बैशाख, २०८२","२०७६, जेष्ठसम्म",https://giwmscdnone.gov.np/media/files/11-75-76_c79nciq.xlsx
/category/fts-2075-076/,,https://customs.gov.np/content/52/a-v-2075-06/,,"१० बैशाख, २०८२","२०७६, बैशाखसम्म",https://giwmscdnone.gov.np/media/files/10-75-76_zvserhw.xlsx
/category/fts-2075-076/,,https://customs.gov.np/content/52/a-v-2075-06/,,"१० बैशाख, २०८२","२०७५, चैत्रसम्म",https://giwmscdnone.gov.np/media/files/09-75-76_bsmoy2l.xlsx
/category/fts-2075-076/,,https://customs.gov.np/content/52/a-v-2075-06/,,"१० बैशाख, २०८२","२०७५, फागुनसम्म",https://giwmscdnone.gov.np/media/files/08-75-76_jwemx8u.xlsx
/category/fts-2075-076/,,https://customs.gov.np/content/52/a-v-2075-06/,,"१० बैशाख, २०८२","२०७५, माघसम्म",https://giwmscdnone.gov.np/media/files/07-75-76_d6hxozj.xlsx
/category/fts-2075-076/,,https://customs.gov.np/content/52/a-v-2075-06/,,"१० बैशाख, २०८२","२०७५, पुससम्म",https://giwmscdnone.gov.np/media/files/06-75-76_dyr0djw.xlsx
/category/fts-2075-076/,,https://customs.gov.np/content/52/a-v-2075-06/,,"१० बैशाख, २०८२","२०७५, मंसिरसम्म",https://giwmscdnone.gov.np/media/files/05-75-76_ga3rcxu.xlsx
/category/fts-2075-076/,,https://customs.gov.np/content/52/a-v-2075-06/,,"१० बैशाख, २०८२","२०७५, कात्तिकसम्म",https://giwmscdnone.gov.np/media/files/04-75-76_biidys0.xlsx
/category/fts-2075-076/,,https://customs.gov.np/content/52/a-v-2075-06/,,"१० बैशाख, २०८२","२०७५, असोजसम्म",https://giwmscdnone.gov.np/media/files/03-75-76_pqcapzt.xlsx
/category/fts-2075-076/,,https://customs.gov.np/content/52/a-v-2075-06/,,"१० बैशाख, २०८२","२०७५, भाद्रसम्म",https://giwmscdnone.gov.np/media/files/02-275-76_i89klws.xlsx
/category/fts-2075-076/,,https://customs.gov.np/content/52/a-v-2075-06/,,"१० बैशाख, २०८२","२०७५, श्रावण",https://giwmscdnone.gov.np/media/files/01_075-76_7xcgekh.xlsx
/category/fts-2076-077/,,https://customs.gov.np/content/53/a-v-208-06/,,"१० बैशाख, २०८२",आ. ब. २०७६/७७ को वैदेशिक व्यापारको वार्षिक तथ्यांक (अद्यावधिक),https://giwmscdntwo.gov.np/media/files/Annual_FTS_207677_updated_Revised_ajx3jyu.xlsx
/category/fts-2076-077/,,https://customs.gov.np/content/53/a-v-208-06/,,"१० बैशाख, २०८२","२०७७, जेष्ठसम्म",https://giwmscdnone.gov.np/media/files/FTS_uptoJesth_207677_xpa0pls.xlsx
/category/fts-2076-077/,,https://customs.gov.np/content/53/a-v-208-06/,,"१० बैशाख, २०८२","२०७७, बैशाखसम्म",https://giwmscdnone.gov.np/media/files/FTS_upto%20Baishakh2076_77_2020-05-24-16-27-13%20(3)_koit0bq.xlsx
/category/fts-2076-077/,,https://customs.gov.np/content/53/a-v-208-06/,,"१० बैशाख, २०८२","२०७६, चैत्रसम्म",https://giwmscdnone.gov.np/media/files/FTS_uptochaitra_207677_2020-04-19-10-03-03%20(1)_wclvdco.xlsx
/category/fts-2076-077/,,https://customs.gov.np/content/53/a-v-208-06/,,"१० बैशाख, २०८२","२०७६, फागुनसम्म",https://giwmscdnone.gov.np/media/files/FTS_uptofalgun_207677_2020-03-22-12-20-25_jbfhaai.xlsx
/category/fts-2076-077/,,https://customs.gov.np/content/53/a-v-208-06/,,"१० बैशाख, २०८२","२०७६, माघसम्म",https://giwmscdnone.gov.np/media/files/FTS_uptomagh_207677_2020-02-24-10-48-54_99uympi.xlsx
/category/fts-2076-077/,,https://customs.gov.np/content/53/a-v-208-06/,,"१० बैशाख, २०८२","२०७६, पुससम्म",https://giwmscdnone.gov.np/media/files/FTS%20_uptopush7677_2020-01-31-14-41-46_jg1vssk.xlsx
/category/fts-2076-077/,,https://customs.gov.np/content/53/a-v-208-06/,,"१० बैशाख, २०८२","२०७६, मंसिरसम्म",https://giwmscdnone.gov.np/media/files/FTS_uptoMangsir_207677_2020-01-01-10-08-19_syz5vdc.xlsx
/category/fts-2076-077/,,https://customs.gov.np/content/53/a-v-208-06/,,"१० बैशाख, २०८२","२०७६, कात्तिकसम्म",https://giwmscdnone.gov.np/media/files/FTS_uptokartik_207677_2019-11-29-12-59-58_gz23ugd.xlsx
/category/fts-2076-077/,,https://customs.gov.np/content/53/a-v-208-06/,,"१० बैशाख, २०८२","२०७६, असोजसम्म",https://giwmscdnone.gov.np/media/files/FTS_uptoasoj_207677_2019-10-31-21-52-18_ht5obrb.xlsx
/category/fts-2076-077/,,https://customs.gov.np/content/53/a-v-208-06/,,"१० बैशाख, २०८२","२०७६, भाद्रसम्म",https://giwmscdnone.gov.np/media/files/FTS_uptobhadra_207677(1)_2019-10-03-21-09-03_xbtx329.xlsx
/category/fts-2076-077/,,https://customs.gov.np/content/53/a-v-208-06/,,"१० बैशाख, २०८२","२०७६, श्रावण",https://giwmscdnone.gov.np/media/files/FTS_upto_shrawan_2019-08-21_20190829213318_s4ahmal.xlsx
/category/fts-2076-077/,,https://customs.gov.np/content/53/a-v-208-06/,,"१० बैशाख, २०८२",आ. ब. २०७६/७७ को वैदेशिक व्यापारको वार्षिक तथ्यांक (PDF),https://giwmscdnone.gov.np/media/files/Annual_FTS_pdf_hn4uaay.pdf
/category/fts-2076-077/,,https://customs.gov.np/content/53/a-v-208-06/,,"१० बैशाख, २०८२",सवारी साधन आयात तथ्यांक,https://giwmscdnone.gov.np/media/files/Final%20Vehicle%20Import%20Data%20FY%202076-2077_2020-06-14-13-17-42_skboyo0.xlsx
/category/fts-2077-078/,,https://customs.gov.np/content/54/a-v-204-06/,,"१० बैशाख, २०८२",आ.ब. २०७७/७८ को वार्षिक तथ्यांक,https://giwmscdntwo.gov.np/media/files/FTS_Annual_207778_qu6gqsv.xlsx
/category/fts-2077-078/,,https://customs.gov.np/content/54/a-v-204-06/,,"१० बैशाख, २०८२","२०७८, जेष्ठसम्म",https://giwmscdnone.gov.np/media/files/FTS_uptojestha_7778_bajyc3p.xlsx
/category/fts-2077-078/,,https://customs.gov.np/content/54/a-v-204-06/,,"१० बैशाख, २०८२","२०७८, बैशाखसम्म",https://giwmscdnone.gov.np/media/files/01-FTS_upto%20Baishakh_7778_8ma3rrt.xlsx
/category/fts-2077-078/,,https://customs.gov.np/content/54/a-v-204-06/,,"१० बैशाख, २०८२","२०७७, चैत्रसम्म",https://giwmscdnone.gov.np/media/files/FTS_uptoChaitra_7778_dvwdlim.xlsx
/category/fts-2077-078/,,https://customs.gov.np/content/54/a-v-204-06/,,"१० बैशाख, २०८२","२०७७, फागुनसम्म",https://giwmscdnone.gov.np/media/files/FTS_uptofagun_207778_kcaom58.xlsx
/category/fts-2077-078/,,https://customs.gov.np/content/54/a-v-204-06/,,"१० बैशाख, २०८२","२०७७, माघसम्म",https://giwmscdnone.gov.np/media/files/FTS_uptoMagh_7778_odz6qus.xlsx
/category/fts-2077-078/,,https://customs.gov.np/content/54/a-v-204-06/,,"१० बैशाख, २०८२","२०७७, पुससम्म",https://giwmscdnone.gov.np/media/files/FTS_uptopoush207778_nsds4yj.xlsx
/category/fts-2077-078/,,https://customs.gov.np/content/54/a-v-204-06/,,"१० बैशाख, २०८२","२०७७, मंसिरसम्म",https://giwmscdnone.gov.np/media/files/FTS_upto%20Mangsir_cal2n0t.xlsx
/category/fts-2077-078/,,https://customs.gov.np/content/54/a-v-204-06/,,"१० बैशाख, २०८२","२०७७, कात्तिकसम्म",https://giwmscdnone.gov.np/media/files/FTS_uptokartik_207778_tkvrrle.xlsx
/category/fts-2077-078/,,https://customs.gov.np/content/54/a-v-204-06/,,"१० बैशाख, २०८२","२०७७, असोजसम्म",https://giwmscdnone.gov.np/media/files/FTS_uptoasoj_207778_2t3tm3i.xlsx
/category/fts-2077-078/,,https://customs.gov.np/content/54/a-v-204-06/,,"१० बैशाख, २०८२","२०७७, भाद्रसम्म",https://giwmscdnone.gov.np/media/files/FTS_uptobhadra_7778_l4ke3qu.xlsx
/category/fts-2077-078/,,https://customs.gov.np/content/54/a-v-204-06/,,"१० बैशाख, २०८२","२०७७, साउन",https://giwmscdnone.gov.np/media/files/04_2077_ilippfd.xlsx
/category/fts-2078-079/,,https://customs.gov.np/content/55/a-v-204-049/,,"१० बैशाख, २०८२",आ.ब. २०७८/७९ को वार्षिक तथ्यांक,https://giwmscdntwo.gov.np/media/files/FTS_78_79_final_yswr8pl.xlsx
/category/fts-2078-079/,,https://customs.gov.np/content/55/a-v-204-049/,,"१० बैशाख, २०८२","२०७९, जेष्ठसम्म",https://giwmscdnone.gov.np/media/files/FTS_2078_79upto%20jestha_ewjoxh0.xlsx
/category/fts-2078-079/,,https://customs.gov.np/content/55/a-v-204-049/,,"१० बैशाख, २०८२","२०७९, बैशाखसम्म",https://giwmscdnone.gov.np/media/files/FTS_upto%20Baishakh_2078_79_fq5ooni.xlsx
/category/fts-2078-079/,,https://customs.gov.np/content/55/a-v-204-049/,,"१० बैशाख, २०८२","२०७८, चैत्रसम्म",https://giwmscdnone.gov.np/media/files/FTS_upto%20chaitra_7879_spzhbdz.xlsx
/category/fts-2078-079/,,https://customs.gov.np/content/55/a-v-204-049/,,"१० बैशाख, २०८२","२०७८, फागुनसम्म",https://giwmscdnone.gov.np/media/files/FTS_uptofagun_7879_trryhqr.xlsx
/category/fts-2078-079/,,https://customs.gov.np/content/55/a-v-204-049/,,"१० बैशाख, २०८२","२०७८, माघसम्म",https://giwmscdnone.gov.np/media/files/FTS_uptomagh_2078_79_tysywbb.xlsx
/category/fts-2078-079/,,https://customs.gov.np/content/55/a-v-204-049/,,"१० बैशाख, २०८२","२०७८, पुससम्म",https://giwmscdnone.gov.np/media/files/FTS_uptopush_207879_c6hmaxr.xlsx
/category/fts-2078-079/,,https://customs.gov.np/content/55/a-v-204-049/,,"१० बैशाख, २०८२","२०७८, मंसिरसम्म",https://giwmscdnone.gov.np/media/files/FTS_upto_mangsir_207879_nxv6twr.xlsx
/category/fts-2078-079/,,https://customs.gov.np/content/55/a-v-204-049/,,"१० बैशाख, २०८२","२०७८, कात्तिकसम्म",https://giwmscdnone.gov.np/media/files/FTS_uptokartik_7879_nrvz4zk.xlsx
/category/fts-2078-079/,,https://customs.gov.np/content/55/a-v-204-049/,,"१० बैशाख, २०८२","२०७८, असोजसम्म",https://giwmscdnone.gov.np/media/files/FTS_upto%20Asoj_2078_79_l5yl6ad.xlsx
/category/fts-2078-079/,,https://customs.gov.np/content/55/a-v-204-049/,,"१० बैशाख, २०८२","२०७८, भाद्रसम्म",https://giwmscdnone.gov.np/media/files/FTS_upto_Bhadra_207879_ewih04v.xlsx
/category/fts-2078-079/,,https://customs.gov.np/content/55/a-v-204-049/,,"१० बैशाख, २०८२","२०७८, श्रावण",https://giwmscdnone.gov.np/media/files/FTS_upto%20Shrawan_7879_final_2yy0dq0.xlsx
/category/fts-2079-080/,,https://customs.gov.np/content/56/a-v-2089-060/,,"८ बैशाख, २०८३",आ.ब. २०७९/८० को वार्षिक वैदेशिक व्यापारको तथ्यांक,https://giwmscdnone.gov.np/media/files/Annual%20Foreign%20Trade%20%20Statistics%20Book%202079-80_570y4ss.pdf
/category/fts-2079-080/,,https://customs.gov.np/content/56/a-v-2089-060/,,"८ बैशाख, २०८३",आ.ब. २०७९/८० को वार्षिक तथ्यांक,https://giwmscdnone.gov.np/media/files/FTS_2079_80_Final_lskcrcc.xlsx
/category/fts-2079-080/,,https://customs.gov.np/content/56/a-v-2089-060/,,"८ बैशाख, २०८३","२०८०, जेष्ठसम्म",https://giwmscdnone.gov.np/media/files/FTS_uptojestha_207980_zceufbo.xlsx
/category/fts-2079-080/,,https://customs.gov.np/content/56/a-v-2089-060/,,"८ बैशाख, २०८३","२०८०, वैशाखसम्म",https://giwmscdnone.gov.np/media/files/FTS_uptoBaishakh_2079_80_lvsfer2.xlsx
/category/fts-2079-080/,,https://customs.gov.np/content/56/a-v-2089-060/,,"८ बैशाख, २०८३","२०७९, चैत्रसम्म",https://giwmscdnone.gov.np/media/files/FTS_upto_chaitra_2079_80_ur3yf4b.xlsx
/category/fts-2079-080/,,https://customs.gov.np/content/56/a-v-2089-060/,,"८ बैशाख, २०८३","२०७९, फागुनसम्म",https://giwmscdnone.gov.np/media/files/FTS_uptofagun_7980_vpv1gfw.xlsx
/category/fts-2079-080/,,https://customs.gov.np/content/56/a-v-2089-060/,,"८ बैशाख, २०८३","२०७९, माघसम्म",https://giwmscdnone.gov.np/media/files/FTS_uptomagh_2079_80_ib43gal.xlsx
/category/fts-2079-080/,,https://customs.gov.np/content/56/a-v-2089-060/,,"८ बैशाख, २०८३","२०७९, पुससम्म",https://giwmscdnone.gov.np/media/files/FTS_uptopush_207980_svauuhb.xlsx
/category/fts-2079-080/,,https://customs.gov.np/content/56/a-v-2089-060/,,"८ बैशाख, २०८३","२०७९, मंसिरसम्म",https://giwmscdnone.gov.np/media/files/FTS_uptomangsir_207980_btx7c6d.xlsx
/category/fts-2079-080/,,https://customs.gov.np/content/56/a-v-2089-060/,,"८ बैशाख, २०८३","२०७९, कात्तिकसम्म",https://giwmscdnone.gov.np/media/files/FTS_uptokartik_207980%20(1)_na7dvxi.xlsx
/category/fts-2079-080/,,https://customs.gov.np/content/56/a-v-2089-060/,,"८ बैशाख, २०८३","२०७९, असोजसम्म",https://giwmscdnone.gov.np/media/files/FTS_uptoasoj_2079_80_dbf53ux.xlsx
/category/fts-2079-080/,,https://customs.gov.np/content/56/a-v-2089-060/,,"८ बैशाख, २०८३","२०७९, भाद्रसम्म",https://giwmscdnone.gov.np/media/files/FTS_uptobhadra_2079_80_dkjrdok.xlsx
/category/fts-2079-080/,,https://customs.gov.np/content/56/a-v-2089-060/,,"८ बैशाख, २०८३","२०७९, श्रावण",https://giwmscdnone.gov.np/media/files/FTS_shrawan_7980%20(1)_6fqka20.xlsx
/category/fts-2080-081/,,https://customs.gov.np/content/45/a-v-2080-041/,,"२७ चैत, २०८२",आ.ब. २०८०/८१ को वार्षिक तथ्यांक,https://giwmscdnone.gov.np/media/files/FTS_2080_81_06vgtkv.xlsx
/category/fts-2080-081/,,https://customs.gov.np/content/45/a-v-2080-041/,,"२७ चैत, २०८२","२०८१, जेष्ठसम्म",https://giwmscdnone.gov.np/media/files/FTS%20Upto%20Jestha%202080_81_guzp8gv.xlsx
/category/fts-2080-081/,,https://customs.gov.np/content/45/a-v-2080-041/,,"२७ चैत, २०८२","२०८१, बैशाखसम्म",https://giwmscdnone.gov.np/media/files/FTS__Upto_Baishak_208081_fupv59g.xlsx
/category/fts-2080-081/,,https://customs.gov.np/content/45/a-v-2080-041/,,"२७ चैत, २०८२","२०८०, चैत्रसम्म",https://giwmscdnone.gov.np/media/files/FTS_uptochaitra_8081_n1f391l.xlsx
/category/fts-2080-081/,,https://customs.gov.np/content/45/a-v-2080-041/,,"२७ चैत, २०८२","२०८०, फागुनसम्म",https://giwmscdnone.gov.np/media/files/FTS%20UpTo%20Falgun%202080-81%20(1)%20(1)_qwgkonh.xlsx
/category/fts-2080-081/,,https://customs.gov.np/content/45/a-v-2080-041/,,"२७ चैत, २०८२","२०८०, माघसम्म",https://giwmscdnone.gov.np/media/files/FTS_Upto-Magh_2080_81-1%20(1)_ptydbxi.xlsx
/category/fts-2080-081/,,https://customs.gov.np/content/45/a-v-2080-041/,,"२७ चैत, २०८२","२०८०, पौषसम्म",https://giwmscdnone.gov.np/media/files/FTS_ogzzoqd.xlsx
/category/fts-2080-081/,,https://customs.gov.np/content/45/a-v-2080-041/,,"२७ चैत, २०८२","२०८०, मंसिरसम्म",https://giwmscdnone.gov.np/media/files/FTS_UptoMangsir_2080_81_duxddw1.xlsx
/category/fts-2080-081/,,https://customs.gov.np/content/45/a-v-2080-041/,,"२७ चैत, २०८२","२०८०, कात्तिकसम्म",https://giwmscdnone.gov.np/media/files/FTS_Uptokartik_2080_81_7p29dww.xlsx
/category/fts-2080-081/,,https://customs.gov.np/content/45/a-v-2080-041/,,"२७ चैत, २०८२","२०८०, असोजसम्म",https://giwmscdnone.gov.np/media/files/FTS_UptoAsoj_2080_81_lvrubjt.xlsx
/category/fts-2080-081/,,https://customs.gov.np/content/45/a-v-2080-041/,,"२७ चैत, २०८२","२०८०, भाद्रसम्म",https://giwmscdnone.gov.np/media/files/FTS_upto_Bhadra2080_81_zlok048.xlsx
/category/fts-2080-081/,,https://customs.gov.np/content/45/a-v-2080-041/,,"२७ चैत, २०८२","२०८०, श्रावण",https://giwmscdnone.gov.np/media/files/FTS_Shrawan_2080_81_jvr6xlx.xlsx
/category/fts-2081-082/,,https://customs.gov.np/content/10/statistics-a--and-2081-82/,,"२७ चैत, २०८२",आ.व. २०८१/०८२ को वार्षिक तथ्याङ्क,https://giwmscdnone.gov.np/media/files/FTS_Annual_2081_82_twybrul.xlsx
/category/fts-2081-082/,,https://customs.gov.np/content/10/statistics-a--and-2081-82/,,"२७ चैत, २०८२","२०८२, जेष्ठसम्म",https://giwmscdnone.gov.np/media/files/FTS_UptoJestha_8182_rj9juqq.xlsx
/category/fts-2081-082/,,https://customs.gov.np/content/10/statistics-a--and-2081-82/,,"२७ चैत, २०८२","२०८२, वैशाखसम्म",https://giwmscdnone.gov.np/media/files/FTS_uptoBaishakh_2081_82_lfk2dbg.xlsx
/category/fts-2081-082/,,https://customs.gov.np/content/10/statistics-a--and-2081-82/,,"२७ चैत, २०८२","२०८१, चैत्रसम्म",https://giwmscdnone.gov.np/media/files/FTS_uptoChaitra_808182_umorpbm%20(1)_sfkhwr9.xlsx
/category/fts-2081-082/,,https://customs.gov.np/content/10/statistics-a--and-2081-82/,,"२७ चैत, २०८२","२०८१, फागुनसम्म",https://giwmscdnone.gov.np/media/files/FTS_uptofagun_2081_82%20(1)_uzdtuxx.xlsx
/category/fts-2081-082/,,https://customs.gov.np/content/10/statistics-a--and-2081-82/,,"२७ चैत, २०८२","२०८१, माघसम्म",https://giwmscdnone.gov.np/media/files/FTS_uptoMagh_81_82_xepg4ny.xlsx
/category/fts-2081-082/,,https://customs.gov.np/content/10/statistics-a--and-2081-82/,,"२७ चैत, २०८२","२०८१, पुससम्म",https://giwmscdnone.gov.np/media/files/FTS_UptoPush_8182_nqrnmtw.xlsx
/category/fts-2081-082/,,https://customs.gov.np/content/10/statistics-a--and-2081-82/,,"२७ चैत, २०८२","२०८१, मंसिरसम्म",https://giwmscdnone.gov.np/media/files/FTS_uptoMangsir_8182_z4yh9tf.xlsx
/category/fts-2081-082/,,https://customs.gov.np/content/10/statistics-a--and-2081-82/,,"२७ चैत, २०८२","२०८१, कात्तिकसम्म",https://giwmscdnone.gov.np/media/files/FTS_uptoKartik_2081_82_tfw6mhs.xlsx
/category/fts-2081-082/,,https://customs.gov.np/content/10/statistics-a--and-2081-82/,,"२७ चैत, २०८२","२०८१, असोजसम्म",https://giwmscdnone.gov.np/media/files/FTS_uptoasoj_2081_82_dqgzbuo.xlsx
/category/fts-2081-082/,,https://customs.gov.np/content/10/statistics-a--and-2081-82/,,"२७ चैत, २०८२","२०८१, भाद्रसम्म",https://giwmscdnone.gov.np/media/files/FTS_uptobhadra_2081_82_xbrzsmq.xlsx
/category/fts-2081-082/,,https://customs.gov.np/content/10/statistics-a--and-2081-82/,,"२७ चैत, २०८२","२०८१, श्रावण",https://giwmscdnone.gov.np/media/files/FTS_Shrawan_2081_82_wanpuhh.xlsx
/category/miscellaneous/,,https://customs.gov.np/content/100/agents/,,"१२ बैशाख, २०८२",भन्सार एजेन्टको विवरण,https://giwmscdntwo.gov.np/media/files/%E0%A4%86.%E0%A4%B5.2080.081%20%E0%A4%95%E0%A5%8B%20%E0%A4%8F%E0%A4%9C%E0%A5%87%E0%A4%A8%E0%A5%8D%E0%A4%9F%20%E0%A4%A8%E0%A4%B5%E0%A4%BF%E0%A4%95%E0%A4%B0%E0%A4%A3%E0%A4%95%E0%A5%8B%20%20%E0%A4%B5%E0%A4%BF%E0%A4%B5%E0%A4%B0%E0%A4%A3_hq9z9bi.xlsx
/category/miscellaneous/,,https://customs.gov.np/content/99/comeb-details-of-the-customs-agent-that-is/,,"१२ बैशाख, २०८२",भन्सार एजेन्टको विवरण,https://giwmscdntwo.gov.np/media/files/%E0%A4%AD%E0%A4%A8%E0%A5%8D%E0%A4%B8%E0%A4%BE%E0%A4%B0%20%E0%A4%8F%E0%A4%9C%E0%A5%87%E0%A4%A8%E0%A5%8D%E0%A4%9F%E0%A4%95%E0%A5%8B%20%E0%A4%B5%E0%A4%BF%E0%A4%B5%E0%A4%B0%E0%A4%A3_lx4famy.xlsx
/category/summary-of-business-revenue-2071-72/,,https://customs.gov.np/content/228/a-v-2061-42/,,"९ असार, २०८२",आ.व. 2081/82 को मासिक राजस्व संकलनको लक्ष्य प्रगति विवरण,https://giwmscdnone.gov.np/media/files/Monthly%20Revenue%20data%202_vbznc5a.xlsx
/category/summary-of-business-revenue-2071-72/,,https://customs.gov.np/content/238/description2/,,"२२ जेठ, २०८२",आ.व. २०७१/७२ को मासिक राजस्व संकलनको लक्ष्य प्रगति विवरण,https://giwmscdnone.gov.np/media/files/2071_72_ss6edd5.xlsx
/category/summary-of-business-revenue-2072-73/,,https://customs.gov.np/content/237/a-v-2042-63/,,"२२ जेठ, २०८२",आ.व. २०७२/७३ को मासिक राजस्व संकलनको लक्ष्य प्रगति विवरण,https://giwmscdnone.gov.np/media/files/2072_73_d9yx4db.xlsx
/category/summary-of-business-revenue-2073-74/,,https://customs.gov.np/content/236/a-v-2073-4/,,"२२ जेठ, २०८२",आ.व. २०७३/७४ को मासिक राजस्व संकलनको लक्ष्य प्रगति विवरण,https://giwmscdntwo.gov.np/media/files/2073_74_gf7i9gs.xlsx
/category/summary-of-business-revenue-2074-75/,,https://customs.gov.np/content/235/a-v-204-65/,,"२२ जेठ, २०८२",आ.व. २०७४/७५ को मासिक राजस्व संकलनको लक्ष्य प्रगति विवरण,https://giwmscdntwo.gov.np/media/files/2074_75_lvof8pg.xlsx
/category/summary-of-business-revenue-2075-76/,,https://customs.gov.np/content/234/a-v-2085-4/,,"२२ जेठ, २०८२",आ.व. २०७५/७६ को मासिक राजस्व संकलनको लक्ष्य प्रगति विवरण,https://giwmscdnone.gov.np/media/files/2075_76_5jdnt69.xlsx
/category/summary-of-business-revenue-2076-77/,,https://customs.gov.np/content/233/description/,,"२२ जेठ, २०८२",आ.व. २०७६/७७ को मासिक राजस्व संकलनको लक्ष्य प्रगति विवरण,https://giwmscdnone.gov.np/media/files/2076_77_eqbd4tz.xlsx
/category/summary-of-business-revenue-2077-78/,,https://customs.gov.np/content/232/a-v-204-4/,,"२२ जेठ, २०८२",आ.व. २०७७/७८ को मासिक राजस्व संकलनको लक्ष्य प्रगति विवरण,https://giwmscdntwo.gov.np/media/files/2077_78_9wjpx7t.xlsx
/category/summary-of-business-revenue-2078-79/,,https://customs.gov.np/content/231/a-v-204-49/,,"२२ जेठ, २०८२",आ.व. २०७८/७९ को मासिक राजस्व संकलनको लक्ष्य प्रगति विवरण,https://giwmscdnone.gov.np/media/files/2078_79_icq1dmp.xlsx
/category/summary-of-business-revenue-2079-80/,,https://customs.gov.np/content/230/a-v-2089-60/,,"२२ जेठ, २०८२",आ.व. २०७९/८० को मासिक राजस्व संकलनको लक्ष्य प्रगति विवरण,https://giwmscdnone.gov.np/media/files/2079_80_sbf7iqm.xlsx
/category/summary-of-business-revenue-2080-81/,,https://customs.gov.np/content/229/a-v-2080-61/,,"२२ जेठ, २०८२",आ.व. २०८०/८१ को मासिक राजस्व संकलनको लक्ष्य प्रगति विवरण,https://giwmscdnone.gov.np/media/files/2080_81_rzcmvha.xlsx
/category/summary-of-business-revenue-2081-82/,,https://customs.gov.np/content/341/revenue-compilation-monthly-comparative-progress-ad2080-71---2061-62/,,"२७ चैत, २०८२",राजस्व संकलनको मासिक/तुलनात्मक प्रगति आ.व. २०८०/८१ - २०८१/८२,https://giwmscdnone.gov.np/media/files/%E0%A4%B0%E0%A4%BE%E0%A4%9C%E0%A4%B8%E0%A5%8D%E0%A4%B5%20%E0%A4%B8%E0%A4%82%E0%A4%95%E0%A4%B2%E0%A4%A8%E0%A4%95%E0%A5%8B%20%E0%A4%AE%E0%A4%BE%E0%A4%B8%E0%A4%BF%E0%A4%95-%E0%A4%A4%E0%A5%81%E0%A4%B2%E0%A4%A8%E0%A4%BE%E0%A4%A4%E0%A5%8D%E0%A4%AE%E0%A4%95%20%E0%A4%AA%E0%A5%8D%E0%A4%B0%E0%A4%97%E0%A4%A4%E0%A4%BF%20%E0%A4%86.%E0%A4%B5.%20%E0%A5%A8%E0%A5%A6%E0%A5%AE%E0%A5%A6-%E0%A5%AE%E0%A5%A7%20-%E0%A5%A8%E0%A5%A6%E0%A5%AE%E0%A5%A7-%E0%A5%AE%E0%A5%A8_q1wblqt.xlsx
/category/summary-of-business-revenue-2083-084,,https://customs.gov.np/content/1140/summary-of-trade-revenue-fy2083-084/,,"६ भदौ, २०८३",श्रावणसम्म,https://giwmscdnone.gov.np/media/files/%E0%A4%B0%E0%A4%BE%E0%A4%9C%E0%A4%B8%E0%A5%8D%E0%A4%B5%20%E0%A4%B8%E0%A4%82%E0%A4%95%E0%A4%B2%E0%A4%A8%E0%A4%95%E0%A5%8B%20%E0%A4%AE%E0%A4%BE%E0%A4%B8%E0%A4%BF%E0%A4%95%20%E0%A4%A4%E0%A5%81%E0%A4%B2%E0%A4%A8%E0%A4%BE%E0%A4%A4%E0%A5%8D%E0%A4%AE%E0%A4%95%20%E0%A4%AA%E0%A5%8D%E0%A4%B0%E0%A4%97%E0%A4%A4%E0%A4%BF%20%E0%A5%A8%E0%A5%A6%E0%A5%AE%E0%A5%A9_%E0%A5%AE%E0%A5%AA_d2vsdeb.xlsx
/category/unified-tariff-rates/,,https://customs.gov.np/content/46/integrated-tariff-rate/,,"९ भदौ, २०८३",एकीकृत भन्सार महसुल दरबन्दी २०८३।०८४,https://giwmscdnone.gov.np/media/files/%E0%A4%8F%E0%A4%95%E0%A5%80%E0%A4%95%E0%A5%83%E0%A4%A4%20%E0%A4%AD%E0%A4%A8%E0%A5%8D%E0%A4%B8%E0%A4%BE%E0%A4%B0%20%E0%A4%AE%E0%A4%B9%E0%A4%B8%E0%A5%81%E0%A4%B2%20%E0%A4%A6%E0%A4%B0%E0%A4%AC%E0%A4%A8%E0%A5%8D%E0%A4%A6%E0%A5%80%20%E0%A5%A8%E0%A5%A6%E0%A5%AE%E0%A5%A9%E0%A5%A4%E0%A5%A6%E0%A5%AE%E0%A5%AA_qv4xx54.pdf
/category/unified-tariff-rates/,,https://customs.gov.np/content/46/integrated-tariff-rate/,,"९ भदौ, २०८३",एकीकृत महसुल दरबन्दी २०८२-८३,https://giwmscdnone.gov.np/media/files/Integrated%20Customs%20Tariff_2082_83_Nepali_qtatpbo.pdf
/category/unified-tariff-rates/,,https://customs.gov.np/content/46/integrated-tariff-rate/,,"९ भदौ, २०८३",एकीकृत महसुल दरबन्दी २०८१-८२,https://giwmscdntwo.gov.np/media/files/%E0%A4%8F%E0%A4%95%E0%A5%80%E0%A4%95%E0%A5%83%E0%A4%A4%20%E0%A4%AE%E0%A4%B9%E0%A4%B8%E0%A5%81%E0%A4%B2%20%E0%A4%A6%E0%A4%B0%E0%A4%AC%E0%A4%A8%E0%A5%8D%E0%A4%A6%E0%A5%80%20%E0%A5%A8%E0%A5%A6%E0%A5%AE%E0%A5%A7-%E0%A5%AE%E0%A5%A8_u7lakvo.pdf
/category/unified-tariff-rates/,,https://customs.gov.np/content/46/integrated-tariff-rate/,,"९ भदौ, २०८३",एकीकृत भन्सार महसुल दरबन्दी २०८०-८१,https://giwmscdntwo.gov.np/media/files/%E0%A4%8F%E0%A4%95%E0%A5%80%E0%A4%95%E0%A5%83%E0%A4%A4%20%E0%A4%AD%E0%A4%A8%E0%A5%8D%E0%A4%B8%E0%A4%BE%E0%A4%B0%20%E0%A4%AE%E0%A4%B9%E0%A4%B8%E0%A5%81%E0%A4%B2%20%E0%A4%A6%E0%A4%B0%E0%A4%AC%E0%A4%A8%E0%A5%8D%E0%A4%A6%E0%A5%80%20%E0%A5%A8%E0%A5%A6%E0%A5%AE%E0%A5%A6-%E0%A5%AE%E0%A5%A7_uw2hptz.pdf
/category/unified-tariff-rates/,,https://customs.gov.np/content/46/integrated-tariff-rate/,,"९ भदौ, २०८३",एकीकृत महसुल दरबन्दी २०७९-८०,https://giwmscdntwo.gov.np/media/files/%E0%A4%8F%E0%A4%95%E0%A5%80%E0%A4%95%E0%A5%83%E0%A4%A4%20%E0%A4%AE%E0%A4%B9%E0%A4%B8%E0%A5%81%E0%A4%B2%20%E0%A4%A6%E0%A4%B0%E0%A4%AC%E0%A4%A8%E0%A5%8D%E0%A4%A6%E0%A5%80%20%20%E0%A5%A8%E0%A5%A6%E0%A5%AD%E0%A5%AF-%E0%A5%AE%E0%A5%A6_ekpqm7o.pdf
/category/unified-tariff-rates/,,https://customs.gov.np/content/46/integrated-tariff-rate/,,"९ भदौ, २०८३",एकीकृत महसुल दरबन्दी २०७८-७९,https://giwmscdntwo.gov.np/media/files/%E0%A4%8F%E0%A4%95%E0%A5%80%E0%A4%95%E0%A5%83%E0%A4%A4%20%E0%A4%AE%E0%A4%B9%E0%A4%B8%E0%A5%81%E0%A4%B2%20%E0%A4%A6%E0%A4%B0%E0%A4%AC%E0%A4%A8%E0%A5%8D%E0%A4%A6%E0%A5%80%20%20%E0%A5%A8%E0%A5%A6%E0%A5%AD%E0%A5%AE-%E0%A5%AD%E0%A5%AF_zgizn7n.pdf
/category/unified-tariff-rates/,,https://customs.gov.np/content/46/integrated-tariff-rate/,,"९ भदौ, २०८३",एकीकृत महसुल दरबन्दी २०७६-७७,https://giwmscdntwo.gov.np/media/files/%E0%A4%8F%E0%A4%95%E0%A5%80%E0%A4%95%E0%A5%83%E0%A4%A4%20%E0%A4%AE%E0%A4%B9%E0%A4%B8%E0%A5%81%E0%A4%B2%20%E0%A4%A6%E0%A4%B0%E0%A4%AC%E0%A4%A8%E0%A5%8D%E0%A4%A6%E0%A5%80%20%E0%A5%A8%E0%A5%A6%E0%A5%AD%E0%A5%AC-%E0%A5%AD%E0%A5%AD_iieyfmj.pdf
/category/unified-tariff-rates/,,https://customs.gov.np/content/46/integrated-tariff-rate/,,"९ भदौ, २०८३",एकीकृत महसुल दरबन्दी २०७५-७६,https://giwmscdntwo.gov.np/media/files/%E0%A4%8F%E0%A4%95%E0%A5%80%E0%A4%95%E0%A5%83%E0%A4%A4%20%E0%A4%AE%E0%A4%B9%E0%A4%B8%E0%A5%81%E0%A4%B2%20%E0%A4%A6%E0%A4%B0%E0%A4%AC%E0%A4%A8%E0%A5%8D%E0%A4%A6%E0%A5%80%20%E0%A5%A8%E0%A5%A6%E0%A5%AD%E0%A5%AB-%E0%A5%AD%E0%A5%AC_urtdxjv.pdf
/category/unified-tariff-rates/,,https://customs.gov.np/content/46/integrated-tariff-rate/,,"९ भदौ, २०८३",एकीकृत महसुल दरबन्दी २०७४-७५,https://giwmscdntwo.gov.np/media/files/%E0%A4%8F%E0%A4%95%E0%A5%80%E0%A4%95%E0%A5%83%E0%A4%A4%20%E0%A4%AE%E0%A4%B9%E0%A4%B8%E0%A5%81%E0%A4%B2%20%E0%A4%A6%E0%A4%B0%E0%A4%AC%E0%A4%A8%E0%A5%8D%E0%A4%A6%E0%A5%80%20%E0%A5%A8%E0%A5%A6%E0%A5%AD%E0%A5%AA-%E0%A5%AD%E0%A5%AB_djuowxa.pdf
/category/unified-tariff-rates/,,https://customs.gov.np/content/46/integrated-tariff-rate/,,"९ भदौ, २०८३",एकीकृत महसुल दरबन्दी २०७३-७४,https://giwmscdntwo.gov.np/media/files/%E0%A4%8F%E0%A4%95%E0%A5%80%E0%A4%95%E0%A5%83%E0%A4%A4%20%E0%A4%AE%E0%A4%B9%E0%A4%B8%E0%A5%81%E0%A4%B2%20%E0%A4%A6%E0%A4%B0%E0%A4%AC%E0%A4%A8%E0%A5%8D%E0%A4%A6%E0%A5%80%20%E0%A5%A8%E0%A5%A6%E0%A5%AD%E0%A5%A9-%E0%A5%AD%E0%A5%AA_rk8raol.pdf
/category/unified-tariff-rates/,,https://customs.gov.np/content/46/integrated-tariff-rate/,,"९ भदौ, २०८३",एकीकृत महसुल दरबन्दी २०७२-७३,https://giwmscdntwo.gov.np/media/files/%E0%A4%8F%E0%A4%95%E0%A5%80%E0%A4%95%E0%A5%83%E0%A4%A4%20%E0%A4%AE%E0%A4%B9%E0%A4%B8%E0%A5%81%E0%A4%B2%20%E0%A4%A6%E0%A4%B0%E0%A4%AC%E0%A4%A8%E0%A5%8D%E0%A4%A6%E0%A5%80%20%E0%A5%A8%E0%A5%A6%E0%A5%AD%E0%A5%A8-%E0%A5%AD%E0%A5%A9_wccpml7.pdf
/category/unified-tariff-rates/,,https://customs.gov.np/content/46/integrated-tariff-rate/,,"९ भदौ, २०८३",एकीकृत महसुल दरबन्दी २०७१-७२,https://giwmscdntwo.gov.np/media/files/%E0%A4%8F%E0%A4%95%E0%A5%80%E0%A4%95%E0%A5%83%E0%A4%A4%20%E0%A4%AE%E0%A4%B9%E0%A4%B8%E0%A5%81%E0%A4%B2%20%E0%A4%A6%E0%A4%B0%E0%A4%AC%E0%A4%A8%E0%A5%8D%E0%A4%A6%E0%A5%80%20%E0%A5%A8%E0%A5%A6%E0%A5%AD%E0%A5%A7-%E0%A5%AD%E0%A5%A8_9dv5efy.pdf
/category/unified-tariff-rates/,,https://customs.gov.np/content/46/integrated-tariff-rate/,,"९ भदौ, २०८३",एकीकृत महसुल दरबन्दी २०७०-७१,https://giwmscdntwo.gov.np/media/files/%E0%A4%8F%E0%A4%95%E0%A5%80%E0%A4%95%E0%A5%83%E0%A4%A4%20%E0%A4%AE%E0%A4%B9%E0%A4%B8%E0%A5%81%E0%A4%B2%20%E0%A4%A6%E0%A4%B0%E0%A4%AC%E0%A4%A8%E0%A5%8D%E0%A4%A6%E0%A5%80%20%E0%A5%A8%E0%A5%A6%E0%A5%AD%E0%A5%A6-%E0%A5%AD%E0%A5%A7_ygbw13i.pdf
